,conv_2d_cl_array_ap_fixed_1u_array_ap_fixed_12_2_5_3_0_20u_config2_U0,,status1.csv
,relu_array_ap_fixed_20u_array_ap_fixed_16_2_5_3_0_20u_relu_config3_U0,,status2.csv
,conv_2d_cl_array_ap_fixed_20u_array_ap_fixed_12_2_5_3_0_10u_config4_U0,,status3.csv
,relu_array_ap_fixed_10u_array_ap_fixed_16_2_5_3_0_10u_relu_config5_U0,,status4.csv
,dense_array_ap_fixed_10u_array_ap_fixed_10_6_5_3_0_1u_config7_U0,,status5.csv
,sigmoid_array_array_ap_fixed_16_2_5_3_0_1u_sigmoid_config8_U0,,status6.csv
,AESL_inst_hls_cnn_2d_100s,,module_status1.csv
conv_2d_cl_array_ap_fixed_1u_array_ap_fixed_12_2_5_3_0_20u_config2_U0,grp_compute_output_buffer_2d_array_array_ap_fixed_12_2_5_3_0_20u_config2_s_fu_146,,module_status2.csv
conv_2d_cl_array_ap_fixed_1u_array_ap_fixed_12_2_5_3_0_20u_config2_U0.grp_compute_output_buffer_2d_array_array_ap_fixed_12_2_5_3_0_20u_config2_s_fu_146,call_ln286_shift_line_buffer_array_ap_fixed_16_2_5_3_0_1u_config2_s_fu_156,,module_status3.csv
conv_2d_cl_array_ap_fixed_1u_array_ap_fixed_12_2_5_3_0_20u_config2_U0.grp_compute_output_buffer_2d_array_array_ap_fixed_12_2_5_3_0_20u_config2_s_fu_146,grp_dense_latency_ap_fixed_16_2_5_3_0_ap_fixed_12_2_5_3_0_config2_mult_s_fu_248,,module_status4.csv
conv_2d_cl_array_ap_fixed_20u_array_ap_fixed_12_2_5_3_0_10u_config4_U0,grp_dense_latency_ap_fixed_16_2_5_3_0_ap_fixed_12_2_5_3_0_config4_mult_s_fu_556,,module_status5.csv
dense_array_ap_fixed_10u_array_ap_fixed_10_6_5_3_0_1u_config7_U0,grp_dense_array_array_ap_fixed_10_6_5_3_0_1u_config7_Pipeline_DataPrepare_fu_10682,,module_status6.csv
